{"accuracy": [0.44982001185417175, 0.5931800007820129, 0.6601399779319763, 0.698199987411499, 0.7273600101470947, 0.7457399964332581, 0.7615399956703186, 0.7789599895477295, 0.7928599715232849, 0.8065599799156189, 0.8181800246238708, 0.8294000029563904, 0.8339200019836426, 0.8456000089645386, 0.8520399928092957, 0.8601199984550476, 0.8652399778366089, 0.872979998588562, 0.8787000179290771, 0.8832600116729736, 0.8893200159072876, 0.8957200050354004, 0.8971999883651733, 0.9029600024223328, 0.9049800038337708, 0.9099599719047546, 0.9105200171470642, 0.9157199859619141, 0.9192799925804138, 0.9210000038146973, 0.9228799939155579, 0.9256200194358826, 0.9279800057411194, 0.9304400086402893, 0.9334200024604797, 0.9323599934577942, 0.9366199970245361, 0.9364799857139587, 0.9358400106430054, 0.9416199922561646, 0.9440400004386902, 0.9447000026702881, 0.9439200162887573, 0.9445599913597107, 0.9476799964904785, 0.9461399912834167, 0.948199987411499, 0.9484800100326538, 0.9510200023651123, 0.9526399970054626, 0.9540600180625916, 0.9523800015449524, 0.9553599953651428, 0.9546200037002563, 0.9562000036239624, 0.9541599750518799, 0.9560400247573853, 0.9563800096511841, 0.9592999815940857, 0.9582800269126892, 0.9567999839782715, 0.9596199989318848, 0.9605399966239929, 0.9604399800300598, 0.9629600048065186, 0.9638400077819824, 0.9642000198364258, 0.9639000296592712, 0.9639000296592712, 0.962119996547699, 0.9649199843406677, 0.9642400145530701, 0.9666799902915955, 0.9655399918556213, 0.9662600159645081, 0.9662600159645081, 0.9641000032424927, 0.967739999294281, 0.9664599895477295, 0.967739999294281, 0.9674599766731262, 0.9678199887275696, 0.9696400165557861, 0.968500018119812, 0.971019983291626, 0.9717599749565125, 0.9704399704933167, 0.9711199998855591, 0.9693800210952759, 0.9701399803161621, 0.970300018787384, 0.9725199937820435, 0.9717000126838684, 0.9718400239944458, 0.972320020198822, 0.9526399970054626, 0.9677000045776367, 0.9710999727249146, 0.9703400135040283, 0.971019983291626], "loss": [1.6521737575531006, 1.181196689605713, 0.9818223714828491, 0.8705222010612488, 0.7859517931938171, 0.7301887273788452, 0.6788559556007385, 0.6285361051559448, 0.5905430316925049, 0.549561619758606, 0.5145832896232605, 0.48953840136528015, 0.46653032302856445, 0.4385957717895508, 0.417546808719635, 0.39110636711120605, 0.3800140917301178, 0.3574194014072418, 0.3405035138130188, 0.32777565717697144, 0.30713263154029846, 0.2946572005748749, 0.2831742465496063, 0.2744612991809845, 0.26364466547966003, 0.2531512975692749, 0.24707984924316406, 0.2339256852865219, 0.22755903005599976, 0.2188597321510315, 0.21703550219535828, 0.21077905595302582, 0.20030300319194794, 0.19554758071899414, 0.18834662437438965, 0.18985550105571747, 0.17801465094089508, 0.17624050378799438, 0.17825734615325928, 0.16358882188796997, 0.1603078991174698, 0.1563369631767273, 0.15376907587051392, 0.15428493916988373, 0.1459490954875946, 0.1526908427476883, 0.14655542373657227, 0.14395734667778015, 0.13940849900245667, 0.13406597077846527, 0.12956394255161285, 0.13422104716300964, 0.12594419717788696, 0.12813471257686615, 0.12544910609722137, 0.12994499504566193, 0.12273465096950531, 0.12089911848306656, 0.11675804853439331, 0.11835236102342606, 0.12155401706695557, 0.1153561994433403, 0.11156150698661804, 0.11148002743721008, 0.10498978197574615, 0.10358935594558716, 0.10144151002168655, 0.10057064145803452, 0.10383111983537674, 0.1050620898604393, 0.09850988537073135, 0.10044825822114944, 0.09301742911338806, 0.09802817553281784, 0.09546096622943878, 0.09692292660474777, 0.10205181688070297, 0.09190274775028229, 0.09339883923530579, 0.09192938357591629, 0.09501150250434875, 0.09230053424835205, 0.08730069547891617, 0.08906903117895126, 0.08140533417463303, 0.0780717134475708, 0.08521626144647598, 0.08248380571603775, 0.08692549914121628, 0.08250509947538376, 0.08576995879411697, 0.07987500727176666, 0.08056376874446869, 0.0810103788971901, 0.07960085570812225, 0.14128364622592926, 0.09113525599241257, 0.08431855589151382, 0.08393225818872452, 0.08254802972078323], "val_accuracy": [0.5127999782562256, 0.6492000222206116, 0.7210000157356262, 0.7178999781608582, 0.7415000200271606, 0.7109000086784363, 0.7615000009536743, 0.7714999914169312, 0.7623999714851379, 0.7911999821662903, 0.7971000075340271, 0.8003000020980835, 0.7997999787330627, 0.7960000038146973, 0.7943999767303467, 0.8098999857902527, 0.8048999905586243, 0.8159999847412109, 0.8062000274658203, 0.8123999834060669, 0.817799985408783, 0.8183000087738037, 0.8138999938964844, 0.8145999908447266, 0.8141000270843506, 0.8220999836921692, 0.8115000128746033, 0.8205000162124634, 0.8230000138282776, 0.8226000070571899, 0.8148000240325928, 0.8174999952316284, 0.8202999830245972, 0.8190000057220459, 0.8155999779701233, 0.8206999897956848, 0.8274999856948853, 0.8119999766349792, 0.8241999745368958, 0.8259999752044678, 0.8259999752044678, 0.8259000182151794, 0.8174999952316284, 0.8181999921798706, 0.8230000138282776, 0.8238000273704529, 0.8273000121116638, 0.8259999752044678, 0.8210999965667725, 0.8284000158309937, 0.8317999839782715, 0.8296999931335449, 0.8233000040054321, 0.829800009727478, 0.8276000022888184, 0.8237000107765198, 0.8277999758720398, 0.8292999863624573, 0.8305000066757202, 0.822700023651123, 0.8282999992370605, 0.8276000022888184, 0.8237000107765198, 0.829800009727478, 0.8320000171661377, 0.8331999778747559, 0.8327000141143799, 0.833899974822998, 0.8276000022888184, 0.832099974155426, 0.8341000080108643, 0.8269000053405762, 0.8292999863624573, 0.832099974155426, 0.828499972820282, 0.824400007724762, 0.8299000263214111, 0.8317000269889832, 0.8241999745368958, 0.8295999765396118, 0.8319000005722046, 0.8277999758720398, 0.8303999900817871, 0.8378999829292297, 0.8292999863624573, 0.8307999968528748, 0.8300999999046326, 0.8305000066757202, 0.8353000283241272, 0.8328999876976013, 0.8285999894142151, 0.8339999914169312, 0.8282999992370605, 0.8274000287055969, 0.8197000026702881, 0.8309000134468079, 0.8313999772071838, 0.8216999769210815, 0.8359000086784363, 0.8325999975204468],