{"accuracy": [0.44429999589920044, 0.594760000705719, 0.6584799885749817, 0.6961600184440613, 0.721019983291626, 0.7405400276184082, 0.7571600079536438, 0.7751399874687195, 0.7891799807548523, 0.8054800033569336, 0.8122000098228455, 0.8234400153160095, 0.8334599733352661, 0.8393599987030029, 0.849399983882904, 0.8585000038146973, 0.8657199740409851, 0.8712400197982788, 0.8773599863052368, 0.8836399912834167, 0.8876399993896484, 0.8893799781799316, 0.8937600255012512, 0.8998799920082092, 0.9035400152206421, 0.908840000629425, 0.9116399884223938, 0.9152399897575378, 0.9188200235366821, 0.9203600287437439, 0.9223399758338928, 0.9208199977874756, 0.9253399968147278, 0.9294000267982483, 0.9304800033569336, 0.9343600273132324, 0.9351599812507629, 0.9369800090789795, 0.936519980430603, 0.9395999908447266, 0.9401999711990356, 0.9417999982833862, 0.9400799870491028, 0.9440199732780457, 0.9448000192642212, 0.9485999941825867, 0.950219988822937, 0.9482200145721436, 0.9495999813079834, 0.9505599737167358], "loss": [1.66471529006958, 1.1771711111068726, 0.9848718047142029, 0.8739318251609802, 0.8003779649734497, 0.7429603934288025, 0.6960160732269287, 0.6413200497627258, 0.6001337766647339, 0.5585876703262329, 0.531535804271698, 0.49818092584609985, 0.4703567326068878, 0.4493774175643921, 0.425723135471344, 0.3982090353965759, 0.3768308460712433, 0.36425501108169556, 0.3458196520805359, 0.3276263177394867, 0.31280553340911865, 0.30807724595069885, 0.29565972089767456, 0.2808897793292999, 0.2664584815502167, 0.25533929467201233, 0.24715742468833923, 0.23496931791305542, 0.22812364995479584, 0.222743421792984, 0.21619616448879242, 0.221927210688591, 0.20858819782733917, 0.19993489980697632, 0.1964455246925354, 0.18676483631134033, 0.1814989298582077, 0.17815344035625458, 0.1774519681930542, 0.1711605042219162, 0.16651497781276703, 0.16534915566444397, 0.16808539628982544, 0.1603335589170456, 0.15508747100830078, 0.14619120955467224, 0.1431610882282257, 0.14368772506713867, 0.14279022812843323, 0.13971532881259918], "val_accuracy": [0.5809000134468079, 0.6489999890327454, 0.6096000075340271, 0.6908000111579895, 0.7408000230789185, 0.553600013256073, 0.7548999786376953, 0.7730000019073486, 0.791100025177002, 0.7922999858856201, 0.7925000190734863, 0.8023999929428101, 0.7978000044822693, 0.7953000068664551, 0.815500020980835, 0.8134999871253967, 0.8147000074386597, 0.8070999979972839, 0.8253999948501587, 0.816100001335144, 0.8185999989509583, 0.8138999938964844, 0.8090000152587891, 0.8181999921798706, 0.8179000020027161, 0.8165000081062317, 0.823199987411499, 0.8144999742507935, 0.826200008392334, 0.8302000164985657, 0.8238000273704529, 0.8137999773025513, 0.8238000273704529, 0.8295000195503235, 0.8255000114440918, 0.8138999938964844, 0.8264999985694885, 0.8253999948501587, 0.8248999714851379, 0.83160001039505, 0.8242999911308289, 0.819599986076355, 0.8295000195503235, 0.8309999704360962, 0.8292999863624573, 0.8287000060081482, 0.8188999891281128, 0.8353999853134155, 0.8357999920845032, 0.8363999724388123], "val_loss": [1.182545781135559, 1.0489733219146729, 1.178000807762146, 0.8816999793052673, 0.755759060382843, 1.642167568206787, 0.7024086117744446, 0.6800813674926758, 0.6245553493499756, 0.6253543496131897, 0.6124605536460876, 0.6078373789787292, 0.6192610263824463, 0.6339702606201172, 0.565926194190979, 0.5686371922492981, 0.5742114186286926, 0.6114640831947327, 0.5611894726753235, 0.5959330201148987, 0.5874231457710266, 0.6007698178291321, 0.6357991695404053, 0.5767664313316345, 0.5967553853988647, 0.610190749168396, 0.5961436629295349, 0.6133568286895752, 0.5940501689910889, 0.5897243022918701, 0.5838901996612549, 0.6471990942955017, 0.6152626872062683, 0.6028262376785278, 0.6261298656463623, 0.6616522669792175, 0.6232020258903503, 0.6054286956787109, 0.6171422600746155, 0.6174535751342773, 0.6279130578041077, 0.6757129430770874, 0.6264893412590027, 0.619533121585846, 0.63232421875, 0.6737622618675232, 0.7028880715370178, 0.6192936301231384, 0.6400323510169983, 0.6254111528396606]}